<?xml version="1.0" encoding="UTF-8"?>
<project-private xmlns="http://www.netbeans.org/ns/project-private/1">
    <editor-bookmarks xmlns="http://www.netbeans.org/ns/editor-bookmarks/2" lastBookmarkId="0"/>
    <open-files xmlns="http://www.netbeans.org/ns/projectui-open-files/2">
        <group>
            <file>file:/Users/roberth/NetBeansProjects/SistemaMedicoUniversitario/src/Modelo/Medico.java</file>
            <file>file:/Users/roberth/NetBeansProjects/SistemaMedicoUniversitario/src/Vista/ListadoCitas.java</file>
            <file>file:/Users/roberth/NetBeansProjects/SistemaMedicoUniversitario/src/Modelo/Paciente.java</file>
            <file>file:/Users/roberth/NetBeansProjects/SistemaMedicoUniversitario/src/Vista/SistemaMedicoUniversitario.java</file>
            <file>file:/Users/roberth/NetBeansProjects/SistemaMedicoUniversitario/src/Vista/Pantalla.java</file>
            <file>file:/Users/roberth/NetBeansProjects/SistemaMedicoUniversitario/src/Modelo/CitaMedica.java</file>
            <file>file:/Users/roberth/NetBeansProjects/SistemaMedicoUniversitario/src/Vista/NuevoMedico.java</file>
            <file>file:/Users/roberth/NetBeansProjects/SistemaMedicoUniversitario/src/Vista/Principal.java</file>
            <file>file:/Users/roberth/NetBeansProjects/SistemaMedicoUniversitario/src/Controlador/CtrlMedico.java</file>
            <file>file:/Users/roberth/NetBeansProjects/SistemaMedicoUniversitario/src/Controlador/CtrlCitaMedica.java</file>
        </group>
    </open-files>
</project-private>
