<?xml version="1.0" encoding="UTF-8"?>
<project-private xmlns="http://www.netbeans.org/ns/project-private/1">
    <editor-bookmarks xmlns="http://www.netbeans.org/ns/editor-bookmarks/2" lastBookmarkId="0"/>
    <open-files xmlns="http://www.netbeans.org/ns/projectui-open-files/2">
        <group>
            <file>file:/Users/roberth/NetBeansProjects/GestionParqueadero/src/Vista/GestionParqueadero.java</file>
            <file>file:/Users/roberth/NetBeansProjects/GestionParqueadero/src/Modelo/Cliente.java</file>
            <file>file:/Users/roberth/NetBeansProjects/GestionParqueadero/src/Modelo/Parqueadero.java</file>
            <file>file:/Users/roberth/NetBeansProjects/GestionParqueadero/src/Modelo/Lugar.java</file>
            <file>file:/Users/roberth/NetBeansProjects/GestionParqueadero/src/Controlador/ControladorParqueadero.java</file>
        </group>
    </open-files>
</project-private>
