<?xml version="1.0" encoding="UTF-8"?>
<project-private xmlns="http://www.netbeans.org/ns/project-private/1">
    <editor-bookmarks xmlns="http://www.netbeans.org/ns/editor-bookmarks/2" lastBookmarkId="0"/>
    <open-files xmlns="http://www.netbeans.org/ns/projectui-open-files/2">
        <group>
            <file>file:/Users/roberth/NetBeansProjects/GestionDepartametos/src/Modelo/Persona.java</file>
            <file>file:/Users/roberth/NetBeansProjects/GestionDepartametos/src/Modelo/InterfaceIngresar.java</file>
            <file>file:/Users/roberth/NetBeansProjects/GestionDepartametos/src/Modelo/Propietario.java</file>
            <file>file:/Users/roberth/NetBeansProjects/GestionDepartametos/src/Modelo/Departamento.java</file>
            <file>file:/Users/roberth/NetBeansProjects/GestionDepartametos/src/Vista/GestionDepartametos.java</file>
            <file>file:/Users/roberth/NetBeansProjects/GestionDepartametos/src/Controlador/ControladorDepartamento.java</file>
        </group>
    </open-files>
</project-private>
