<?xml version="1.0" encoding="UTF-8"?>
<project-private xmlns="http://www.netbeans.org/ns/project-private/1">
    <editor-bookmarks xmlns="http://www.netbeans.org/ns/editor-bookmarks/2" lastBookmarkId="0"/>
    <open-files xmlns="http://www.netbeans.org/ns/projectui-open-files/2">
        <group>
            <file>file:/Users/roberth/NetBeansProjects/HerenciaHospitalUniversitario/src/herenciahospitaluniversitario/Medico.java</file>
            <file>file:/Users/roberth/NetBeansProjects/HerenciaHospitalUniversitario/src/herenciahospitaluniversitario/Conductor.java</file>
            <file>file:/Users/roberth/NetBeansProjects/HerenciaHospitalUniversitario/src/herenciahospitaluniversitario/HerenciaHospitalUniversitario.java</file>
            <file>file:/Users/roberth/NetBeansProjects/HerenciaHospitalUniversitario/src/herenciahospitaluniversitario/Empleado.java</file>
            <file>file:/Users/roberth/NetBeansProjects/HerenciaHospitalUniversitario/src/herenciahospitaluniversitario/Enfermera.java</file>
            <file>file:/Users/roberth/NetBeansProjects/HerenciaHospitalUniversitario/src/herenciahospitaluniversitario/Secretaria.java</file>
        </group>
    </open-files>
</project-private>
