<?xml version="1.0" encoding="UTF-8"?>
<project-private xmlns="http://www.netbeans.org/ns/project-private/1">
    <editor-bookmarks xmlns="http://www.netbeans.org/ns/editor-bookmarks/2" lastBookmarkId="0"/>
    <open-files xmlns="http://www.netbeans.org/ns/projectui-open-files/2">
        <group>
            <file>file:/Users/roberth/NetBeansProjects/SistemaImprentaMVC2ALoginConArchivo/src/Controlador/ControladorPersona.java</file>
            <file>file:/Users/roberth/NetBeansProjects/SistemaImprentaMVC2ALoginConArchivo/src/Modelo/Persona.java</file>
            <file>file:/Users/roberth/NetBeansProjects/SistemaImprentaMVC2ALoginConArchivo/src/Vista/VentaPrincipal.java</file>
            <file>file:/Users/roberth/NetBeansProjects/SistemaImprentaMVC2ALoginConArchivo/src/Vista/VistaInicio.java</file>
            <file>file:/Users/roberth/NetBeansProjects/SistemaImprentaMVC2ALoginConArchivo/src/Vista/SistemaImprentaMVC2A.java</file>
        </group>
    </open-files>
</project-private>
