<?xml version="1.0" encoding="UTF-8"?>
<project-private xmlns="http://www.netbeans.org/ns/project-private/1">
    <editor-bookmarks xmlns="http://www.netbeans.org/ns/editor-bookmarks/2" lastBookmarkId="0"/>
    <open-files xmlns="http://www.netbeans.org/ns/projectui-open-files/2">
        <group>
            <file>file:/Users/roberth/NetBeansProjects/UNLSistemaMedico/src/Vista/UsuarioRegistrados.java</file>
            <file>file:/Users/roberth/NetBeansProjects/UNLSistemaMedico/src/Vista/Principal.java</file>
            <file>file:/Users/roberth/NetBeansProjects/UNLSistemaMedico/src/Vista/UNLSistemaMedico.java</file>
            <file>file:/Users/roberth/NetBeansProjects/UNLSistemaMedico/src/Vista/Login.java</file>
            <file>file:/Users/roberth/NetBeansProjects/UNLSistemaMedico/src/Controlador/ControladorPaciente.java</file>
            <file>file:/Users/roberth/NetBeansProjects/UNLSistemaMedico/src/Vista/GUI.java</file>
        </group>
    </open-files>
</project-private>
